2014/05/27,9047,9058,9025,9056,0.37
2014/05/28,9062,9144,9055,9135,0.98
2014/05/29,9132,9149,9111,9114,0.42
2014/05/30,9121,9130,9086,9089,0.48
2014/06/03,9112,9133,9061,9106,0.79
2014/06/04,9118,9124,9097,9102,0.3
2014/06/05,9117,9118,9074,9116,0.48
2014/06/06,9138,9158,9120,9125,0.42
2014/06/09,9140,9155,9129,9144,0.28
2014/06/10,9159,9202,9155,9185,0.51
2014/06/11,9194,9212,9183,9210,0.32
2014/06/12,9195,9215,9181,9202,0.37
2014/06/13,9170,9199,9156,9195,0.47
2014/06/16,9180,9214,9175,9200,0.42
2014/06/17,9207,9248,9203,9242,0.49
2014/06/18,9241,9307,9208,9302,1.07
2014/06/19,9187,9237,9181,9226,0.6
2014/06/20,9227,9230,9178,9179,0.56
2014/06/23,9179,9206,9151,9167,0.6
2014/06/24,9174,9198,9165,9173,0.36
2014/06/25,9146,9170,9137,9156,0.36
2014/06/26,9181,9237,9176,9230,0.67
2014/06/27,9231,9244,9205,9206,0.42
2014/06/30,9220,9307,9218,9290,0.97
2014/07/01,9299,9401,9289,9380,1.21
2014/07/02,9404,9488,9310,9400,1.9
2014/07/03,9396,9463,9367,9455,1.02
2014/07/04,9488,9494,9411,9453,0.88
2014/07/07,9452,9453,9398,9451,0.58
2014/07/08,9452,9492,9440,9477,0.55
2014/07/09,9450,9477,9436,9463,0.43
2014/07/10,9466,9556,9462,9553,0.99
2014/07/11,9540,9566,9450,9486,1.21
2014/07/14,9479,9529,9478,9523,0.54
2014/07/15,9575,9581,9534,9560,0.49
2014/07/16,9547,9564,9475,9483,0.93
2014/07/17,9392,9402,9326,9357,0.8
2014/07/18,9285,9372,9281,9339,0.97
2014/07/21,9380,9406,9356,9365,0.54
2014/07/22,9384,9434,9352,9431,0.88
2014/07/24,9456,9470,9432,9468,0.4
2014/07/25,9460,9465,9357,9390,1.14
2014/07/28,9370,9422,9342,9386,0.85
2014/07/29,9425,9446,9343,9360,1.1
2014/07/30,9367,9429,9366,9414,0.67
2014/07/31,9433,9438,9265,9290,1.84
2014/08/01,9236,9264,9209,9251,0.59
2014/08/04,9260,9297,9233,9285,0.69
2014/08/05,9249,9256,9083,9097,1.86
2014/08/06,9079,9129,9059,9097,0.77
2014/08/07,9111,9134,9065,9093,0.76
2014/08/08,9052,9093,8991,9090,1.12
2014/08/11,9132,9162,9110,9139,0.57
2014/08/12,9152,9158,9103,9122,0.6
2014/08/13,9132,9204,9120,9199,0.92
2014/08/14,9228,9253,9203,9219,0.54
2014/08/15,9210,9218,9154,9202,0.69
2014/08/18,9212,9223,9126,9140,1.05
2014/08/19,9161,9249,9161,9237,0.96
2014/08/20,9253,9285,9244,9275,0.44
2014/08/21,9260,9266,9200,9230,0.71
2014/08/22,9249,9388,9247,9378,1.53
2014/08/25,9386,9399,9365,9391,0.36
2014/08/26,9386,9408,9375,9390,0.35
2014/08/27,9421,9498,9420,9477,0.83
2014/08/28,9492,9500,9469,9478,0.33
2014/08/29,9456,9485,9432,9471,0.56
2014/09/01,9473,9550,9470,9528,0.84
2014/09/02,9512,9514,9388,9409,1.32
2014/09/03,9415,9482,9399,9449,0.88
2014/09/04,9447,9448,9380,9424,0.72
2014/09/05,9444,9463,9370,9406,0.99
2014/09/09,9426,9530,9425,9429,1.12
2014/09/10,9380,9402,9310,9347,0.98
2014/09/11,9376,9385,9300,9301,0.91
2014/09/12,9325,9328,9229,9246,1.06
2014/09/15,9206,9244,9172,9219,0.78
2014/09/16,9219,9233,9141,9153,1.0
2014/09/17,9195,9248,9148,9172,1.09
2014/09/18,9234,9265,9213,9241,0.57
2014/09/19,9281,9304,9240,9263,0.69
2014/09/22,9202,9205,9100,9128,1.13
2014/09/23,9106,9152,9102,9114,0.55
2014/09/24,9095,9142,9081,9126,0.67
2014/09/25,9158,9168,8995,9026,1.9
2014/09/26,8958,9022,8937,8982,0.94
2014/09/29,8991,9008,8943,8981,0.72
2014/09/30,8961,9021,8871,8991,1.67
2014/10/01,8943,9015,8911,8980,1.16
2014/10/02,8920,9020,8905,8992,1.28
2014/10/03,9004,9107,8994,9098,1.26
2014/10/06,9098,9110,9056,9085,0.59
2014/10/07,9034,9048,8976,9018,0.79
2014/10/08,8986,9029,8928,8932,1.12
2014/10/09,8997,9039,8948,8980,1.02
2014/10/13,8798,8818,8712,8712,1.18
2014/10/14,8730,8759,8702,8743,0.65
2014/10/15,8743,8763,8641,8646,1.4
2014/10/16,8583,8683,8506,8628,2.05
2014/10/17,8658,8673,8497,8499,2.04
2014/10/20,8599,8681,8588,8660,1.09
2014/10/21,8655,8663,8616,8639,0.54
2014/10/22,8748,8764,8714,8744,0.58
2014/10/23,8732,8740,8702,8722,0.43
2014/10/24,8742,8746,8609,8641,1.57
2014/10/27,8675,8686,8592,8643,1.09
2014/10/28,8666,8805,8663,8792,1.64
2014/10/29,8833,8905,8818,8879,0.99
2014/10/30,8878,8889,8838,8879,0.57
2014/10/31,8887,8978,8867,8975,1.25
2014/11/03,8978,9027,8942,8981,0.95
2014/11/04,8984,9055,8968,8991,0.97
2014/11/05,9030,9039,8960,8985,0.88
2014/11/06,8976,9005,8890,8903,1.28
2014/11/07,8924,8943,8862,8937,0.91
2014/11/10,8965,9092,8952,9073,1.57
2014/11/11,9088,9105,9048,9061,0.63
2014/11/12,9028,9034,8901,8905,1.47
2014/11/13,8920,8978,8903,8960,0.84
2014/11/14,8980,8996,8933,8962,0.7
2014/11/17,8959,9043,8872,8899,1.91
2014/11/18,8951,8958,8839,8873,1.34
2014/11/19,8905,8985,8877,8953,1.22
2014/11/20,9031,9104,9012,9091,1.03
2014/11/21,9119,9125,9081,9103,0.48
2014/11/24,9135,9170,9109,9130,0.67
2014/11/25,9116,9150,9069,9108,0.89
2014/11/26,9126,9143,9102,9120,0.45
2014/11/27,9136,9235,9136,9175,1.09
2014/11/28,9202,9208,9174,9179,0.37
2014/12/01,9036,9182,8991,9119,2.08
2014/12/02,9092,9098,9001,9030,1.06
2014/12/03,9051,9215,9035,9209,1.99
2014/12/04,9213,9266,9201,9220,0.71
2014/12/05,9203,9231,9182,9214,0.53
2014/12/08,9264,9265,9168,9186,1.05
2014/12/09,9142,9174,9121,9131,0.58
2014/12/10,9092,9136,9003,9046,1.46
2014/12/11,8976,9048,8958,9009,0.99
2014/12/12,9023,9069,9003,9005,0.73
2014/12/15,8958,9038,8925,9033,1.25
2014/12/16,8971,9041,8963,8979,0.86
2014/12/17,8970,8985,8834,8843,1.68
2014/12/18,8902,8927,8857,8858,0.79
2014/12/19,8962,9040,8958,9017,0.93
2014/12/22,9031,9100,9023,9094,0.85
2014/12/23,9134,9140,9097,9114,0.47
2014/12/24,9120,9183,9103,9176,0.88
2014/12/25,9171,9195,9162,9181,0.36
2014/12/26,9178,9230,9173,9227,0.62
2014/12/27,9235,9257,9226,9255,0.34
2014/12/29,9245,9336,9241,9309,1.03
2014/12/30,9320,9343,9268,9286,0.81
2014/12/31,9286,9303,9252,9281,0.55
2015/01/05,9238,9276,9155,9250,1.3
2015/01/06,9144,9153,9017,9058,1.47
2015/01/07,9042,9092,9033,9044,0.65
2015/01/08,9116,9259,9115,9256,1.59
2015/01/09,9328,9335,9217,9230,1.27
2015/01/12,9190,9238,9157,9185,0.88
2015/01/13,9194,9275,9159,9250,1.26
2015/01/14,9235,9247,9151,9170,1.04
2015/01/15,9187,9230,9130,9194,1.09
2015/01/16,9175,9229,9082,9115,1.6
2015/01/19,9211,9260,9142,9181,1.29
2015/01/20,9220,9269,9183,9267,0.94
2015/01/21,9282,9316,9274,9309,0.45
2015/01/22,9360,9404,9342,9388,0.67
2015/01/23,9455,9488,9443,9461,0.48
2015/01/26,9448,9478,9433,9465,0.48
2015/01/27,9522,9539,9480,9523,0.62
2015/01/28,9478,9534,9474,9527,0.63
2015/01/29,9497,9502,9426,9428,0.8
2015/01/30,9460,9472,9385,9398,0.92
2015/02/02,9389,9433,9370,9420,0.67
2015/02/03,9434,9485,9407,9464,0.83
2015/02/04,9526,9556,9512,9522,0.46
2015/02/05,9521,9521,9470,9513,0.54
2015/02/06,9536,9543,9459,9470,0.88
2015/02/09,9439,9466,9416,9451,0.53
2015/02/10,9468,9473,9419,9432,0.57
2015/02/11,9462,9509,9457,9476,0.55
2015/02/12,9499,9500,9461,9482,0.41
2015/02/13,9510,9548,9505,9514,0.45
2015/02/24,9582,9640,9582,9622,0.61
2015/02/25,9694,9696,9660,9683,0.37
2015/02/26,9691,9692,9633,9648,0.61
2015/03/02,9658,9683,9615,9631,0.7
2015/03/03,9645,9658,9580,9614,0.81
2015/03/04,9580,9638,9571,9620,0.7
2015/03/05,9622,9632,9551,9586,0.84
2015/03/06,9591,9644,9566,9637,0.81
2015/03/09,9580,9595,9547,9574,0.5
2015/03/10,9574,9585,9514,9529,0.74
2015/03/11,9466,9544,9450,9519,0.99
2015/03/12,9529,9609,9508,9607,1.06
2015/03/13,9616,9634,9584,9598,0.52
2015/03/16,9585,9594,9535,9543,0.61
2015/03/17,9580,9644,9547,9556,1.02
2015/03/18,9558,9649,9558,9633,0.95
2015/03/19,9734,9769,9708,9765,0.63
2015/03/20,9742,9770,9733,9757,0.38
2015/03/23,9761,9769,9726,9749,0.44
2015/03/24,9728,9755,9696,9720,0.61
2015/03/25,9721,9731,9673,9688,0.6
2015/03/26,9580,9635,9567,9611,0.7
2015/03/27,9609,9628,9525,9542,1.07
2015/03/30,9511,9562,9511,9553,0.53
2015/03/31,9600,9610,9545,9582,0.68
2015/04/01,9540,9552,9487,9508,0.68
2015/04/02,9538,9630,9535,9614,1.0
2015/04/07,9653,9660,9612,9629,0.5
2015/04/08,9633,9635,9558,9570,0.8
2015/04/09,9579,9676,9564,9570,1.17
2015/04/10,9628,9665,9592,9632,0.76
2015/04/13,9673,9683,9633,9657,0.52
2015/04/14,9641,9672,9626,9644,0.48
2015/04/15,9626,9654,9507,9520,1.52
2015/04/16,9561,9649,9548,9644,1.06
2015/04/17,9619,9629,9569,9582,0.62
2015/04/20,9530,9583,9506,9563,0.8
2015/04/21,9585,9613,9535,9555,0.82
2015/04/22,9561,9636,9561,9614,0.78
2015/04/23,9656,9854,9652,9838,2.1
2015/04/24,9880,10000,9860,9920,1.42
2015/04/27,9958,10031,9945,10018,0.87
2015/04/28,10022,10033,9963,9990,0.7
2015/04/29,9978,10022,9882,9907,1.4
2015/04/30,9902,9930,9858,9877,0.73
2015/05/04,9897,9911,9824,9885,0.88
2015/05/05,9866,9878,9814,9848,0.65
2015/05/06,9802,9865,9763,9846,1.04
2015/05/07,9786,9808,9745,9752,0.64
2015/05/08,9769,9783,9713,9718,0.72
2015/05/11,9800,9814,9657,9722,1.62
2015/05/12,9707,9748,9673,9706,0.77
2015/05/13,9712,9776,9697,9739,0.81
2015/05/14,9737,9741,9599,9605,1.46
2015/05/15,9635,9642,9541,9576,1.05
2015/05/18,9612,9614,9552,9598,0.65
2015/05/19,9616,9723,9602,9703,1.26
2015/05/20,9704,9725,9657,9668,0.7
2015/05/21,9645,9648,9512,9541,1.41
2015/05/22,9562,9649,9546,9627,1.08
2015/05/25,9603,9640,9550,9631,0.93
2015/05/26,9613,9725,9606,9659,1.24
2015/05/27,9607,9698,9601,9662,1.0
2015/05/28,9711,9750,9683,9729,0.69
2015/05/29,9741,9765,9688,9703,0.79
2015/06/01,9668,9713,9601,9630,1.15
2015/06/02,9586,9639,9565,9606,0.77
2015/06/03,9640,9648,9535,9548,1.18
2015/06/04,9531,9553,9301,9312,2.64
2015/06/05,9324,9347,9269,9309,0.84
2015/06/08,9312,9404,9235,9348,1.82
2015/06/09,9303,9346,9201,9235,1.55
2015/06/10,9256,9328,9252,9284,0.82
2015/06/11,9328,9333,9224,9285,1.17
2015/06/12,9272,9314,9230,9268,0.9
2015/06/15,9272,9318,9220,9245,1.06
2015/06/16,9244,9258,9164,9214,1.02
2015/06/17,9215,9237,9177,9181,0.65
2015/06/18,9044,9078,9011,9048,0.73
2015/06/22,9108,9203,9105,9178,1.08
2015/06/23,9221,9268,9208,9230,0.65
2015/06/24,9215,9248,9193,9246,0.6
2015/06/25,9268,9370,9263,9342,1.16
2015/06/26,9348,9348,9300,9322,0.51
2015/06/29,9195,9222,9109,9139,1.21
2015/06/30,9146,9217,9124,9211,1.02
2015/07/01,9185,9319,9184,9292,1.47
2015/07/02,9300,9325,9260,9277,0.7
2015/07/03,9258,9305,9171,9301,1.44
2015/07/06,9235,9297,9182,9203,1.24
2015/07/07,9260,9303,9210,9242,1.01
2015/07/08,9205,9210,8912,8945,3.22
2015/07/09,8801,8939,8724,8875,2.4
2015/07/13,8935,9005,8902,8993,1.16
2015/07/14,9040,9084,8982,8983,1.13
2015/07/15,9040,9078,8989,9029,0.99
2015/07/16,8935,8983,8900,8916,0.92
2015/07/17,8906,8935,8871,8913,0.72
2015/07/20,8970,9027,8804,8851,2.5
2015/07/21,8887,8940,8815,8937,1.41
2015/07/22,8882,8883,8795,8811,0.98
2015/07/23,8778,8822,8670,8753,1.73
2015/07/24,8720,8740,8653,8686,0.99
2015/07/27,8637,8670,8493,8525,2.04
2015/07/28,8500,8591,8480,8539,1.3
2015/07/29,8533,8548,8440,8485,1.26
2015/07/30,8520,8632,8509,8607,1.45
2015/07/31,8593,8606,8508,8575,1.14
2015/08/03,8546,8548,8400,8454,1.73
2015/08/04,8487,8552,8416,8464,1.61
2015/08/05,8504,8547,8448,8521,1.17
2015/08/06,8541,8579,8366,8390,2.5
2015/08/07,8360,8423,8312,8389,1.32
2015/08/10,8405,8461,8345,8442,1.38
2015/08/11,8505,8556,8358,8362,2.35
2015/08/12,8365,8390,8243,8301,1.76
2015/08/13,8348,8363,8275,8305,1.06
2015/08/14,8262,8334,8262,8326,0.87
2015/08/17,8321,8330,8223,8239,1.29
2015/08/18,8241,8276,8161,8172,1.4
2015/08/19,8178,8179,7993,8002,2.28
2015/08/20,7949,8040,7898,7973,1.77
2015/08/21,7858,7887,7740,7744,1.84
2015/08/24,7609,7676,7010,7345,8.6
2015/08/25,7400,7606,7318,7572,3.92
2015/08/26,7525,7678,7432,7607,3.25
2015/08/27,7656,7729,7631,7679,1.29
2015/08/28,7812,7902,7791,7871,1.45
2015/08/31,7831,8034,7802,7973,2.95
2015/09/01,7901,7964,7802,7829,2.03
2015/09/02,7768,7997,7761,7938,3.01
2015/09/03,7961,8003,7874,7975,1.63
2015/09/04,7931,8039,7872,7894,2.09
2015/09/07,7850,8008,7843,7930,2.09
2015/09/08,7930,7979,7880,7972,1.25
2015/09/09,8114,8340,8104,8334,2.96
2015/09/10,8226,8292,8192,8265,1.2
2015/09/11,8221,8295,8202,8266,1.13
2015/09/14,8319,8340,8210,8275,1.57
2015/09/15,8300,8333,8230,8237,1.24
2015/09/16,8310,8358,8270,8318,1.07
2015/09/17,8368,8478,8364,8441,1.37
2015/09/18,8418,8459,8383,8438,0.9
2015/09/21,8328,8335,8233,8270,1.21
2015/09/22,8295,8340,8276,8331,0.77
2015/09/23,8234,8250,8135,8142,1.38
2015/09/24,8188,8219,8047,8090,2.11
2015/09/25,8142,8152,8033,8119,1.47
2015/09/30,8015,8178,7983,8135,2.4
2015/10/01,8174,8330,8116,8307,2.63
2015/10/02,8283,8319,8254,8278,0.78
2015/10/05,8358,8377,8275,8331,1.23
2015/10/06,8431,8478,8365,8369,1.36
2015/10/07,8377,8497,8357,8491,1.67
2015/10/08,8534,8544,8422,8443,1.44
2015/10/12,8494,8580,8464,8552,1.37
2015/10/13,8554,8575,8511,8557,0.75
2015/10/14,8521,8554,8492,8520,0.72
2015/10/15,8565,8668,8565,8609,1.21
2015/10/16,8588,8627,8571,8607,0.65
2015/10/19,8627,8670,8588,8623,0.95
2015/10/20,8644,8663,8629,8659,0.39
2015/10/21,8690,8704,8593,8617,1.28
2015/10/22,8588,8633,8566,8595,0.78
2015/10/23,8742,8752,8669,8694,0.97
2015/10/26,8730,8765,8716,8733,0.56
2015/10/27,8722,8728,8655,8694,0.84
2015/10/28,8685,8710,8613,8638,1.12
2015/10/29,8681,8685,8545,8547,1.62
2015/10/30,8560,8600,8484,8570,1.36
2015/11/02,8535,8598,8502,8587,1.12
2015/11/03,8665,8740,8645,8719,1.11
2015/11/04,8765,8900,8751,8882,1.71
2015/11/05,8879,8899,8832,8872,0.75
2015/11/06,8850,8858,8650,8689,2.34
2015/11/09,8677,8748,8597,8628,1.74
2015/11/10,8581,8592,8512,8533,0.93
2015/11/11,8507,8549,8372,8378,2.07
2015/11/12,8404,8461,8354,8459,1.28
2015/11/13,8380,8472,8318,8356,1.82
2015/11/16,8245,8307,8212,8288,1.14
2015/11/17,8370,8490,8369,8437,1.46
2015/11/18,8440,8450,8326,8335,1.47
2015/11/19,8371,8460,8323,8447,1.64
2015/11/20,8430,8475,8396,8443,0.94
2015/11/23,8488,8511,8407,8481,1.23
2015/11/24,8461,8494,8362,8401,1.56
2015/11/25,8412,8418,8320,8384,1.17
2015/11/26,8412,8525,8410,8499,1.37
2015/11/27,8520,8534,8377,8390,1.85
2015/11/30,8311,8345,8202,8297,1.7
2015/12/01,8360,8463,8317,8456,1.76
2015/12/02,8433,8510,8415,8452,1.12
2015/12/03,8388,8490,8363,8470,1.5
2015/12/04,8361,8410,8326,8393,0.99
2015/12/07,8495,8550,8455,8470,1.13
2015/12/08,8438,8451,8318,8331,1.57
2015/12/09,8311,8328,8212,8220,1.39
2015/12/10,8182,8208,8101,8188,1.3
2015/12/11,8200,8220,8068,8070,1.86
2015/12/14,7976,8065,7949,8060,1.44
2015/12/15,8077,8137,8048,8065,1.1
2015/12/16,8180,8209,8112,8198,1.2
2015/12/17,8202,8303,8176,8282,1.55
2015/12/18,8248,8319,8206,8229,1.36
2015/12/21,8173,8283,8133,8280,1.82
2015/12/22,8257,8297,8220,8275,0.93
2015/12/23,8301,8347,8267,8288,0.97
2015/12/24,8346,8388,8293,8317,1.15
2015/12/25,8335,8378,8306,8374,0.87
2015/12/28,8370,8394,8349,8354,0.54
2015/12/29,8321,8347,8263,8288,1.01
2015/12/30,8313,8329,8226,8258,1.24
2015/12/31,8240,8300,8234,8275,0.8
2016/01/04,8262,8294,8036,8073,3.12
2016/01/05,8099,8130,8011,8025,1.47
2016/01/06,8038,8048,7901,7971,1.83
2016/01/07,7956,7971,7731,7805,3.01
2016/01/08,7755,7884,7734,7865,1.92
2016/01/11,7730,7793,7672,7739,1.54
2016/01/12,7800,7808,7680,7707,1.65
2016/01/13,7784,7849,7736,7806,1.47
2016/01/14,7647,7724,7607,7715,1.5
2016/01/15,7801,7809,7636,7668,2.24
2016/01/18,7513,7828,7503,7810,4.24
2016/01/19,7786,7868,7750,7866,1.51
2016/01/20,7797,7804,7673,7704,1.67
2016/01/21,7659,7706,7601,7613,1.36
2016/01/22,7730,7752,7641,7748,1.46
2016/01/25,7768,7881,7766,7835,1.48
2016/01/26,7784,7810,7745,7778,0.83
2016/01/27,7850,7859,7778,7838,1.04
2016/01/28,7800,7903,7793,7858,1.4
2016/01/29,7841,8073,7820,8053,3.22
2016/01/30,8103,8167,8091,8164,0.94
2016/02/01,8131,8150,8067,8126,1.02
2016/02/02,8079,8149,8061,8104,1.08
2016/02/03,8026,8085,7993,8036,1.14
2016/02/15,7920,8068,7907,8043,2.0
2016/02/16,8080,8232,8077,8206,1.93
2016/02/17,8232,8251,8193,8212,0.71
2016/02/18,8290,8332,8233,8285,1.21
2016/02/19,8278,8318,8253,8307,0.78
2016/02/22,8289,8404,8261,8300,1.72
2016/02/23,8321,8331,8271,8319,0.72
2016/02/24,8300,8382,8216,8247,2.0
2016/02/25,8287,8375,8271,8338,1.26
2016/02/26,8390,8416,8311,8389,1.26
2016/03/01,8372,8484,8360,8448,1.48
2016/03/02,8540,8575,8500,8518,0.89
2016/03/03,8530,8606,8517,8564,1.04
2016/03/04,8570,8618,8548,8601,0.82
2016/03/07,8605,8685,8573,8604,1.3
2016/03/08,8611,8620,8525,8614,1.1
2016/03/09,8613,8632,8555,8618,0.89
2016/03/10,8629,8676,8601,8641,0.87
2016/03/11,8618,8707,8608,8705,1.15
2016/03/14,8727,8778,8725,8741,0.61
2016/03/15,8739,8750,8578,8603,1.97
2016/03/16,8636,8705,8633,8691,0.84
2016/03/17,8754,8819,8681,8698,1.59
2016/03/18,8725,8779,8703,8765,0.87
2016/03/21,8798,8810,8690,8746,1.37
2016/03/22,8775,8776,8660,8750,1.33
2016/03/23,8761,8787,8698,8713,1.02
2016/03/24,8685,8751,8627,8713,1.42
2016/03/25,8727,8759,8671,8700,1.01
2016/03/28,8720,8733,8653,8685,0.92
2016/03/29,8682,8697,8564,8601,1.53
2016/03/30,8645,8747,8626,8740,1.41
2016/03/31,8784,8815,8691,8716,1.42
2016/04/01,8670,8694,8598,8628,1.1
2016/04/06,8591,8599,8453,8458,1.69
2016/04/07,8470,8493,8381,8438,1.32
2016/04/08,8388,8500,8375,8485,1.48
2016/04/11,8456,8530,8415,8515,1.36
2016/04/12,8541,8584,8468,8496,1.36
2016/04/13,8542,8644,8529,8636,1.35
2016/04/14,8705,8724,8645,8660,0.91
2016/04/15,8620,8719,8591,8717,1.48
2016/04/18,8651,8684,8630,8644,0.62
2016/04/19,8700,8748,8598,8636,1.74
2016/04/20,8657,8684,8498,8519,2.15
2016/04/21,8513,8535,8455,8530,0.94
2016/04/22,8513,8560,8461,8500,1.16
2016/04/25,8519,8540,8477,8527,0.74
2016/04/26,8533,8619,8523,8570,1.13
2016/04/27,8560,8590,8506,8560,0.98
2016/04/28,8586,8599,8408,8415,2.23
2016/04/29,8375,8400,8303,8311,1.15
2016/05/03,8319,8330,8220,8261,1.32
2016/05/04,8238,8257,8105,8181,1.84
2016/05/05,8160,8181,8095,8146,1.05
2016/05/06,8118,8140,8061,8105,0.97
2016/05/09,8141,8160,8065,8116,1.17
2016/05/10,8116,8180,8057,8152,1.52
2016/05/11,8177,8192,8081,8124,1.36
2016/05/12,8096,8155,8066,8082,1.1
2016/05/13,8067,8075,7953,8022,1.51
2016/05/16,8021,8085,7988,8063,1.21
2016/05/17,8076,8152,8020,8146,1.64
2016/05/18,8093,8153,8056,8149,1.19
2016/05/19,8118,8130,8006,8033,1.52
2016/05/20,8035,8125,8023,8103,1.27
2016/05/23,8121,8355,8051,8343,3.75
2016/05/24,8329,8345,8276,8284,0.83
2016/05/25,8341,8412,8332,8384,0.97
2016/05/26,8401,8408,8352,8383,0.67
2016/05/27,8416,8468,8390,8462,0.93
2016/05/30,8481,8533,8433,8509,1.18
2016/05/31,8499,8545,8455,8510,1.06
2016/06/01,8490,8590,8486,8564,1.22
2016/06/02,8568,8610,8518,8550,1.07
2016/06/03,8561,8585,8537,8565,0.56
2016/06/04,8566,8590,8560,8577,0.35
2016/06/06,8575,8655,8507,8573,1.73
2016/06/07,8614,8684,8606,8667,0.91
2016/06/08,8673,8742,8671,8713,0.82
2016/06/13,8635,8636,8502,8525,1.54
2016/06/14,8495,8578,8483,8574,1.11
2016/06/15,8552,8607,8508,8602,1.15
2016/06/16,8410,8410,8247,8281,1.89
2016/06/17,8348,8431,8345,8395,1.04
2016/06/20,8503,8520,8428,8469,1.1
2016/06/21,8459,8525,8435,8510,1.06
2016/06/22,8510,8530,8460,8510,0.82
2016/06/23,8515,8526,8467,8510,0.69
2016/06/24,8500,8553,8140,8238,4.85
2016/06/27,8250,8339,8239,8326,1.21
2016/06/28,8274,8387,8260,8376,1.53
2016/06/29,8392,8493,8391,8436,1.22
2016/06/30,8492,8542,8440,8519,1.21
2016/07/01,8568,8638,8551,8623,1.02
2016/07/04,8636,8679,8598,8632,0.94
2016/07/05,8600,8635,8567,8610,0.79
2016/07/06,8552,8559,8443,8469,1.35
2016/07/07,8508,8571,8505,8561,0.78
2016/07/11,8683,8748,8677,8734,0.83
2016/07/12,8751,8795,8736,8776,0.68
2016/07/13,8825,8837,8726,8793,1.26
2016/07/14,8800,8841,8769,8813,0.82
2016/07/15,8846,8925,8823,8912,1.16
2016/07/18,8918,9001,8912,8999,1.0
2016/07/19,9020,9035,8962,9032,0.81
2016/07/20,9010,9042,8972,9003,0.78
2016/07/21,8922,9009,8916,8984,1.03
2016/07/22,8965,8984,8925,8927,0.66
2016/07/25,8967,9027,8803,8891,2.51
2016/07/26,8871,8970,8862,8965,1.21
2016/07/27,9016,9049,8952,8979,1.08
2016/07/28,8982,9027,8926,8979,1.12
2016/07/29,9003,9014,8889,8894,1.39
2016/08/01,8940,9043,8936,9040,1.2
2016/08/02,9014,9035,8993,9012,0.46
2016/08/03,8914,8972,8861,8935,1.23
2016/08/04,8990,8992,8891,8970,1.13
2016/08/05,8996,9074,8973,9062,1.13
2016/08/08,9133,9148,9063,9116,0.94
2016/08/09,9122,9145,9096,9117,0.54
2016/08/10,9136,9167,9090,9149,0.84
2016/08/11,9125,9159,8998,9087,1.76
2016/08/12,9129,9149,9102,9130,0.52
2016/08/15,9147,9161,9087,9124,0.81
2016/08/16,9155,9156,9052,9085,1.14
2016/08/17,9073,9123,9067,9121,0.62
2016/08/18,9010,9059,8980,9041,0.87
2016/08/19,9050,9109,8942,8948,1.85
2016/08/22,8941,8949,8853,8895,1.07
2016/08/23,8921,8988,8912,8983,0.85
2016/08/24,9002,9023,8948,8954,0.83
2016/08/25,8942,9073,8939,9070,1.5
2016/08/26,9055,9090,9036,9080,0.6
2016/08/29,9045,9075,8948,9042,1.4
2016/08/30,9075,9085,9021,9035,0.71
2016/08/31,9018,9060,8959,8976,1.12
2016/09/01,8971,8980,8883,8942,1.08
2016/09/02,8948,8973,8904,8932,0.77
2016/09/05,9000,9067,8997,9063,0.78
2016/09/06,9073,9160,9062,9151,1.08
2016/09/07,9156,9262,9150,9253,1.22
2016/09/08,9251,9253,9215,9239,0.41
2016/09/09,9182,9184,9113,9126,0.77
2016/09/10,8930,9001,8923,8953,0.85
2016/09/12,8990,8994,8898,8900,1.07
2016/09/13,8974,8979,8816,8905,1.83
2016/09/14,8866,8942,8854,8875,0.99
2016/09/19,8949,9158,8947,9149,2.38
2016/09/20,9142,9164,9113,9142,0.56
2016/09/21,9129,9224,9115,9221,1.19
2016/09/22,9221,9262,9154,9187,1.17
2016/09/23,9234,9248,9189,9236,0.64
2016/09/26,9222,9226,9148,9152,0.84
2016/09/29,9226,9297,9206,9251,0.99
2016/09/30,9183,9206,9127,9130,0.85
2016/10/03,9205,9230,9161,9193,0.76
2016/10/04,9202,9259,9187,9251,0.78
2016/10/05,9210,9266,9201,9238,0.7
2016/10/06,9281,9283,9207,9257,0.82
2016/10/07,9250,9269,9236,9251,0.36
2016/10/11,9300,9343,9143,9189,2.16
2016/10/12,9180,9274,9164,9259,1.2
2016/10/13,9268,9282,9179,9201,1.11
2016/10/14,9207,9224,9147,9167,0.84
2016/10/17,9178,9193,9060,9167,1.45
2016/10/18,9183,9218,9154,9210,0.7
2016/10/19,9223,9300,9219,9280,0.88
2016/10/20,9269,9295,9235,9277,0.65
2016/10/21,9259,9322,9241,9264,0.87
2016/10/24,9294,9325,9269,9309,0.6
2016/10/25,9328,9394,9308,9375,0.92
2016/10/26,9340,9363,9323,9334,0.43
2016/10/27,9324,9348,9260,9288,0.94
2016/10/28,9286,9313,9261,9279,0.56
2016/10/31,9263,9300,9174,9284,1.36
2016/11/01,9259,9292,9226,9278,0.71
2016/11/02,9199,9225,9144,9158,0.87
2016/11/03,9131,9160,9078,9088,0.9
2016/11/04,9058,9094,9047,9063,0.52
2016/11/07,9131,9200,9115,9196,0.94
2016/11/08,9216,9230,9162,9223,0.74
2016/11/09,9223,9307,8891,8926,4.51
2016/11/10,9140,9192,9134,9176,0.65
2016/11/11,9048,9057,8949,8967,1.18
2016/11/14,8957,8988,8877,8945,1.24
2016/11/15,8900,8975,8896,8938,0.88
2016/11/16,8990,9034,8979,8984,0.62
2016/11/17,8942,8965,8906,8960,0.66
2016/11/18,8979,9006,8926,8987,0.89
2016/11/21,8980,9026,8971,9017,0.61
2016/11/22,9050,9164,9041,9139,1.36
2016/11/23,9150,9192,9142,9177,0.55
2016/11/24,9156,9165,9117,9142,0.52
2016/11/25,9142,9192,9133,9161,0.65
2016/11/28,9157,9248,9150,9223,1.07
2016/11/29,9222,9238,9196,9202,0.46
2016/11/30,9211,9245,9177,9227,0.74
2016/12/01,9229,9279,9218,9260,0.66
2016/12/02,9199,9200,9148,9163,0.56
2016/12/05,9159,9183,9117,9157,0.72
2016/12/06,9232,9285,9230,9262,0.6
2016/12/07,9300,9305,9248,9262,0.62
2016/12/08,9360,9370,9315,9368,0.59
2016/12/09,9377,9399,9365,9389,0.36
2016/12/12,9420,9440,9350,9356,0.96
2016/12/13,9340,9381,9338,9379,0.46
2016/12/14,9409,9413,9353,9369,0.64
2016/12/15,9330,9374,9305,9368,0.74
2016/12/16,9367,9370,9309,9311,0.65
2016/12/19,9290,9317,9242,9244,0.81
2016/12/20,9261,9266,9209,9260,0.62
2016/12/21,9261,9269,9225,9232,0.48
2016/12/22,9211,9222,9123,9128,1.07
2016/12/23,9115,9147,9088,9092,0.65
2016/12/26,9107,9131,9089,9124,0.46
2016/12/27,9123,9130,9106,9113,0.26
2016/12/28,9110,9213,9105,9211,1.19
2016/12/29,9188,9211,9168,9181,0.47
2016/12/30,9215,9282,9215,9262,0.73
2017/01/03,9266,9282,9231,9280,0.55
2017/01/04,9281,9295,9261,9271,0.37
2017/01/05,9270,9354,9266,9342,0.95
2017/01/06,9353,9375,9338,9365,0.4
2017/01/09,9379,9409,9325,9342,0.9
2017/01/10,9332,9350,9320,9341,0.32
2017/01/11,9395,9396,9333,9337,0.67
2017/01/12,9353,9433,9350,9411,0.89
2017/01/13,9388,9397,9361,9375,0.38
2017/01/16,9360,9362,9274,9285,0.94
2017/01/17,9282,9344,9280,9340,0.69
2017/01/18,9336,9349,9314,9340,0.37
2017/01/19,9337,9342,9254,9304,0.94
2017/01/20,9283,9338,9278,9330,0.64
2017/01/23,9319,9423,9318,9407,1.13
2017/01/24,9423,9464,9405,9442,0.63
2017/02/02,9500,9510,9373,9375,1.45
2017/02/03,9418,9458,9408,9437,0.53
2017/02/06,9477,9533,9441,9505,0.97
2017/02/07,9499,9525,9482,9520,0.45
2017/02/08,9513,9535,9463,9515,0.76
2017/02/09,9518,9579,9505,9574,0.78
2017/02/10,9600,9681,9586,9657,0.99
2017/02/13,9670,9705,9661,9704,0.46
2017/02/14,9729,9758,9695,9708,0.65
2017/02/15,9726,9801,9722,9799,0.81
2017/02/16,9819,9852,9758,9770,0.96
2017/02/17,9760,9786,9747,9763,0.4
2017/02/18,9778,9789,9772,9786,0.17
2017/02/20,9786,9814,9737,9766,0.79
2017/02/21,9777,9785,9728,9767,0.58
2017/02/22,9783,9827,9767,9783,0.61
2017/02/23,9780,9820,9755,9773,0.66
2017/02/24,9770,9786,9730,9760,0.57
2017/03/01,9766,9770,9678,9683,0.94
2017/03/02,9761,9784,9643,9691,1.46
2017/03/03,9648,9672,9623,9630,0.51
2017/03/06,9639,9684,9619,9682,0.67
2017/03/07,9693,9734,9682,9728,0.54
2017/03/08,9736,9765,9701,9746,0.66
2017/03/09,9739,9742,9642,9649,1.03
2017/03/10,9647,9652,9555,9624,1.01
2017/03/13,9644,9698,9643,9693,0.57
2017/03/14,9713,9767,9711,9748,0.58
2017/03/15,9742,9752,9715,9733,0.38
2017/03/16,9805,9852,9782,9840,0.72
2017/03/17,9850,9896,9837,9889,0.6
2017/03/20,9870,9908,9855,9896,0.54
2017/03/21,9926,9980,9916,9963,0.65
2017/03/22,9890,9907,9851,9896,0.56
2017/03/23,9941,9952,9879,9909,0.74
2017/03/24,9927,9928,9883,9900,0.45
2017/03/27,9878,9917,9844,9866,0.74
2017/03/28,9920,9927,9805,9884,1.24
2017/03/29,9902,9904,9851,9860,0.54
2017/03/30,9864,9888,9834,9848,0.55
2017/03/31,9858,9872,9812,9821,0.61
2017/04/05,9849,9968,9843,9962,1.27
2017/04/06,9930,9941,9880,9895,0.61
2017/04/07,9903,9905,9772,9861,1.34
2017/04/10,9868,9892,9843,9875,0.5
2017/04/11,9866,9895,9807,9817,0.89
2017/04/12,9818,9830,9776,9814,0.55
2017/04/13,9802,9869,9792,9845,0.78
2017/04/14,9806,9808,9711,9716,0.99
2017/04/17,9740,9754,9680,9721,0.76
2017/04/18,9757,9772,9721,9736,0.52
2017/04/19,9700,9707,9632,9639,0.77
2017/04/20,9598,9640,9584,9615,0.58
2017/04/21,9665,9706,9655,9698,0.53
2017/04/24,9747,9766,9684,9706,0.85
2017/04/25,9746,9827,9728,9814,1.02
2017/04/26,9855,9871,9826,9842,0.46
2017/04/27,9829,9850,9808,9838,0.43
2017/04/28,9847,9884,9834,9856,0.51
2017/05/02,9899,9950,9897,9930,0.54
2017/05/03,9946,9966,9934,9937,0.32
2017/05/04,9951,9965,9918,9959,0.47
2017/05/05,9946,9951,9879,9886,0.72
2017/05/08,9929,9959,9895,9921,0.65
2017/05/09,9916,9994,9898,9902,0.97
2017/05/10,9938,9959,9918,9948,0.41
2017/05/11,9962,9997,9946,9988,0.51
2017/05/12,9982,9996,9966,9981,0.3
2017/05/15,9990,10031,9975,10025,0.56
2017/05/16,10040,10054,10000,10021,0.54
2017/05/17,9993,10022,9975,10000,0.47
2017/05/18,9903,9958,9878,9951,0.8
2017/05/19,9968,9973,9931,9932,0.42
2017/05/22,9965,9980,9942,9974,0.38
2017/05/23,9984,10017,9968,9994,0.49
2017/05/24,10007,10030,9998,10020,0.32
2017/05/25,10042,10110,10040,10107,0.7
2017/05/26,10130,10131,10080,10093,0.5
2017/05/31,10085,10105,10023,10029,0.81
2017/06/01,10030,10075,10023,10070,0.52
2017/06/02,10113,10137,10105,10134,0.32
2017/06/03,10147,10160,10137,10156,0.23
2017/06/05,10148,10207,10115,10202,0.91
2017/06/06,10196,10206,10184,10185,0.22
2017/06/07,10180,10229,10165,10191,0.63
2017/06/08,10204,10218,10184,10212,0.33
2017/06/09,10230,10252,10186,10191,0.65
2017/06/12,10129,10159,10110,10118,0.48
2017/06/13,10123,10143,10106,10136,0.37
2017/06/14,10161,10165,10021,10062,1.42
2017/06/15,10051,10075,10018,10072,0.57
2017/06/16,10078,10159,10061,10146,0.97
2017/06/19,10164,10251,10160,10240,0.9
2017/06/20,10276,10353,10268,10322,0.83
2017/06/21,10273,10371,10267,10369,1.01
2017/06/22,10198,10234,10174,10231,0.58
2017/06/23,10221,10245,10193,10215,0.51
2017/06/26,10207,10395,10202,10381,1.89
2017/06/27,10390,10412,10353,10368,0.57
2017/06/28,10303,10342,10247,10261,0.92
2017/06/29,10325,10356,10260,10295,0.94
2017/06/30,10220,10263,10196,10252,0.65
2017/07/03,10260,10289,10231,10288,0.57
2017/07/04,10303,10306,10210,10215,0.93
2017/07/05,10215,10304,10171,10299,1.3
2017/07/06,10323,10329,10237,10267,0.89
2017/07/07,10225,10246,10195,10202,0.5
2017/07/10,10226,10242,10180,10209,0.61
2017/07/11,10232,10356,10228,10342,1.25
2017/07/12,10346,10383,10330,10339,0.51
2017/07/13,10393,10442,10371,10419,0.69
2017/07/14,10420,10424,10391,10403,0.32
2017/07/17,10458,10480,10414,10435,0.63
2017/07/18,10427,10466,10407,10462,0.57
2017/07/19,10479,10541,10471,10500,0.67
2017/07/20,10411,10420,10370,10391,0.48
2017/07/21,10378,10383,10324,10328,0.57
2017/07/24,10300,10364,10285,10360,0.76
2017/07/25,10373,10387,10338,10362,0.47
2017/07/26,10386,10421,10320,10330,0.97
2017/07/27,10365,10462,10362,10447,0.97
2017/07/28,10395,10403,10324,10339,0.76
2017/07/31,10333,10363,10289,10355,0.72
2017/08/01,10368,10424,10361,10367,0.61
2017/08/02,10420,10471,10415,10453,0.54
2017/08/03,10420,10430,9408,10407,9.78
2017/08/04,10401,10456,10401,10439,0.53
2017/08/07,10476,10539,10475,10530,0.61
2017/08/08,10558,10567,10485,10525,0.78
2017/08/09,10466,10497,10436,10455,0.58
2017/08/10,10477,10484,10308,10330,1.68
2017/08/11,10228,10326,10225,10301,0.98
2017/08/14,10344,10357,10223,10229,1.3
2017/08/15,10310,10331,10261,10308,0.68
2017/08/16,10277,10319,10235,10254,0.81
2017/08/17,10258,10324,10245,10296,0.77
2017/08/18,10230,10265,10200,10257,0.63
2017/08/21,10259,10280,10217,10269,0.61
2017/08/22,10316,10369,10305,10349,0.62
2017/08/23,10401,10414,10341,10359,0.71
2017/08/24,10372,10460,10365,10447,0.92
2017/08/25,10471,10490,10431,10487,0.56
2017/08/28,10466,10515,10457,10489,0.55
2017/08/29,10451,10478,10421,10464,0.54
2017/08/30,10508,10552,10493,10530,0.56
2017/08/31,10560,10581,10532,10550,0.47
2017/09/01,10571,10598,10540,10574,0.55
2017/09/04,10550,10579,10533,10552,0.44
2017/09/05,10575,10590,10528,10582,0.59
2017/09/06,10540,10570,10483,10520,0.82
2017/09/07,10551,10568,10477,10491,0.87
2017/09/08,10501,10571,10495,10551,0.72
2017/09/11,10628,10635,10535,10563,0.95
2017/09/12,10604,10614,10564,10589,0.47
2017/09/13,10595,10603,10510,10521,0.88
2017/09/14,10520,10545,10486,10529,0.56
2017/09/15,10528,10570,10491,10566,0.75
2017/09/18,10605,10649,10582,10635,0.63
2017/09/19,10647,10658,10568,10579,0.85
2017/09/20,10572,10585,10490,10510,0.9
2017/09/21,10505,10583,10473,10573,1.05
2017/09/22,10554,10568,10427,10432,1.33
2017/09/25,10426,10453,10315,10332,1.32
2017/09/26,10299,10369,10261,10263,1.05
2017/09/27,10300,10340,10290,10323,0.49
2017/09/28,10349,10350,10266,10305,0.81
2017/09/29,10299,10328,10263,10318,0.63
2017/09/30,10360,10394,10354,10379,0.39
2017/10/02,10392,10458,10386,10450,0.69
2017/10/03,10470,10475,10427,10463,0.46
2017/10/05,10460,10519,10438,10505,0.77
2017/10/06,10537,10542,10496,10523,0.44
2017/10/11,10556,10648,10555,10632,0.88
2017/10/12,10657,10705,10640,10697,0.61
2017/10/13,10688,10713,10670,10710,0.4
2017/10/16,10745,10763,10710,10756,0.49
2017/10/17,10776,10781,10720,10722,0.57
2017/10/18,10745,10783,10686,10728,0.9
2017/10/19,10748,10800,10733,10761,0.62
2017/10/20,10736,10764,10700,10729,0.59
2017/10/23,10764,10786,10720,10736,0.62
2017/10/24,10725,10758,10709,10744,0.46
2017/10/25,10769,10782,10728,10738,0.5
2017/10/26,10715,10750,10693,10726,0.53
2017/10/27,10748,10792,10684,10710,1.01
2017/10/30,10763,10820,10724,10745,0.9
2017/10/31,10754,10800,10730,10782,0.65
2017/11/01,10820,10826,10775,10808,0.47
2017/11/02,10770,10806,10758,10781,0.44
2017/11/03,10806,10810,10747,10787,0.58
2017/11/06,10793,10828,10745,10771,0.77
2017/11/07,10789,10825,10778,10823,0.44
2017/11/08,10810,10824,10796,10805,0.26
2017/11/09,10812,10823,10706,10722,1.08
2017/11/10,10687,10737,10662,10728,0.7
2017/11/13,10710,10726,10688,10691,0.35
2017/11/14,10695,10715,10638,10684,0.72
2017/11/15,10645,10658,10602,10638,0.52
2017/11/16,10587,10634,10579,10617,0.52
2017/11/17,10690,10710,10672,10703,0.36
2017/11/20,10714,10719,10654,10666,0.61
2017/11/21,10695,10788,10682,10785,0.99
2017/11/22,10825,10877,10807,10826,0.65
2017/11/23,10826,10857,10810,10854,0.43
2017/11/24,10841,10856,10829,10854,0.25
2017/11/27,10841,10848,10737,10749,1.02
2017/11/28,10735,10753,10695,10708,0.54
2017/11/29,10747,10763,10708,10728,0.51
2017/11/30,10650,10658,10569,10576,0.83
2017/12/01,10607,10664,10495,10603,1.6
2017/12/04,10604,10651,10564,10649,0.82
2017/12/05,10595,10627,10546,10571,0.76
2017/12/06,10540,10557,10375,10384,1.72
2017/12/07,10388,10427,10331,10365,0.92
2017/12/08,10388,10413,10336,10396,0.74
2017/12/11,10416,10497,10415,10478,0.79
2017/12/12,10496,10498,10386,10431,1.07
2017/12/13,10433,10475,10421,10450,0.52
2017/12/14,10508,10582,10498,10527,0.8
2017/12/15,10510,10515,10421,10485,0.89
2017/12/18,10527,10531,10456,10501,0.72
2017/12/19,10522,10530,10443,10457,0.83
2017/12/20,10457,10509,10457,10497,0.5
2017/12/21,10492,10539,10475,10495,0.61
2017/12/22,10498,10535,10473,10533,0.59
2017/12/25,10549,10564,10520,10525,0.42
2017/12/26,10540,10541,10406,10417,1.28
2017/12/27,10398,10485,10393,10474,0.88
2017/12/28,10495,10593,10494,10561,0.95
2017/12/29,10593,10644,10576,10633,0.64
2018/01/02,10629,10710,10621,10708,0.84
2018/01/03,10748,10797,10729,10788,0.64
2018/01/04,10831,10840,10770,10837,0.65
2018/01/05,10838,10867,10801,10858,0.61
2018/01/08,10886,10900,10843,10884,0.52
2018/01/09,10889,10909,10850,10879,0.54
2018/01/10,10885,10904,10806,10810,0.9
2018/01/11,10808,10834,10765,10799,0.64
2018/01/12,10824,10898,10818,10876,0.74
2018/01/15,10930,10958,10902,10956,0.51
2018/01/16,10939,10986,10918,10983,0.62
2018/01/17,10955,11024,10940,11020,0.76
2018/01/18,11063,11137,11036,11058,0.92
2018/01/19,11096,11142,11080,11138,0.56
2018/01/22,11136,11225,11113,11222,1.01
2018/01/23,11241,11253,11181,11225,0.64
2018/01/24,11199,11203,11090,11125,1.01
2018/01/25,11117,11271,11116,11149,1.39
2018/01/26,11170,11186,11079,11144,0.96
2018/01/29,11215,11238,11155,11197,0.74
2018/01/30,11164,11190,11064,11065,1.13
2018/01/31,11050,11144,11017,11098,1.15
2018/02/01,11127,11199,11112,11160,0.78
2018/02/02,11111,11132,11041,11114,0.82
2018/02/05,10888,10952,10848,10927,0.94
2018/02/06,10643,10663,10242,10396,3.85
2018/02/07,10600,10669,10510,10518,1.53
2018/02/08,10526,10595,10492,10518,0.98
2018/02/09,10203,10368,10121,10353,2.35
2018/02/12,10420,10438,10377,10413,0.59
2018/02/21,10630,10718,10591,10705,1.22
2018/02/22,10646,10655,10593,10624,0.58
2018/02/23,10680,10789,10676,10782,1.06
2018/02/26,10867,10868,10801,10820,0.62
2018/02/27,10890,10914,10784,10789,1.2
2018/03/01,10604,10778,10600,10734,1.65
2018/03/02,10614,10696,10579,10678,1.09
2018/03/05,10695,10741,10598,10632,1.34
2018/03/06,10730,10789,10712,10786,0.72
2018/03/07,10712,10817,10700,10708,1.08
2018/03/08,10778,10847,10767,10827,0.75
2018/03/09,10906,10910,10827,10862,0.77
2018/03/12,10965,11025,10948,11022,0.71
2018/03/13,11028,11103,11013,11099,0.82
2018/03/14,11048,11066,11003,11030,0.57
2018/03/15,10994,11068,10985,11041,0.75
2018/03/16,11038,11043,10923,11016,1.09
2018/03/19,10975,11054,10959,11026,0.86
2018/03/20,10973,11025,10957,11011,0.62
2018/03/21,11030,11073,11011,11045,0.56
2018/03/22,11036,11122,10961,10990,1.46
2018/03/23,10730,10816,10718,10733,0.89
2018/03/26,10693,10847,10682,10840,1.54
2018/03/27,10948,10991,10906,10989,0.78
2018/03/28,10879,10910,10809,10819,0.92
2018/03/29,10830,10859,10773,10840,0.79
2018/03/30,10921,10974,10904,10918,0.65
2018/03/31,10947,10949,10912,10924,0.34
2018/04/02,10920,10958,10843,10863,1.05
2018/04/03,10774,10807,10738,10783,0.64
2018/04/09,10838,10911,10813,10903,0.91
2018/04/10,10874,10993,10852,10948,1.29
2018/04/11,10959,11007,10948,10977,0.54
2018/04/12,10993,11024,10905,10942,1.08
2018/04/13,10966,10988,10920,10957,0.62
2018/04/16,10975,10976,10908,10942,0.62
2018/04/17,10958,10963,10802,10807,1.47
2018/04/18,10849,10909,10789,10846,1.11
2018/04/19,10856,10975,10852,10967,1.13
2018/04/20,10869,10870,10776,10786,0.86
2018/04/23,10731,10767,10687,10691,0.74
2018/04/24,10692,10694,10547,10585,1.37
2018/04/25,10487,10558,10468,10535,0.85
2018/04/26,10601,10621,10470,10475,1.43
2018/04/27,10561,10565,10483,10560,0.78
2018/04/30,10593,10655,10537,10653,1.12
2018/05/02,10631,10670,10597,10609,0.69
2018/05/03,10560,10575,10488,10506,0.82
2018/05/04,10506,10544,10468,10522,0.72
2018/05/07,10599,10615,10529,10594,0.82
2018/05/08,10597,10672,10580,10667,0.87
2018/05/09,10685,10731,10666,10703,0.61
2018/05/10,10732,10771,10723,10763,0.45
2018/05/11,10819,10865,10806,10860,0.55
2018/05/14,10926,10968,10891,10956,0.71
2018/05/15,10946,10961,10857,10866,0.95
2018/05/16,10845,10907,10839,10872,0.63
2018/05/17,10920,10928,10823,10824,0.97
2018/05/18,10834,10873,10805,10819,0.63
2018/05/21,10865,10966,10863,10963,0.95
2018/05/22,10969,10999,10913,10920,0.78
2018/05/23,10933,10998,10855,10857,1.31
2018/05/24,10879,10923,10851,10917,0.66
2018/05/25,10921,10956,10890,10932,0.6
2018/05/28,10979,10989,10937,10983,0.48
2018/05/29,10979,10982,10896,10929,0.78
2018/05/30,10833,10848,10761,10776,0.8
2018/05/31,10836,10870,10821,10865,0.45
2018/06/01,10854,10925,10844,10914,0.75
2018/06/04,10976,11095,10976,11084,1.09
2018/06/05,11101,11118,11035,11069,0.75
2018/06/06,11095,11210,11088,11198,1.1
2018/06/07,11245,11253,11174,11227,0.71
2018/06/08,11205,11215,11103,11125,1.0
2018/06/11,11151,11173,11098,11128,0.67
2018/06/12,11148,11152,11054,11141,0.88
2018/06/13,11152,11169,11095,11146,0.66
2018/06/14,11101,11106,10984,10985,1.09
2018/06/15,11001,11075,10961,11054,1.04
2018/06/19,10943,10958,10871,10875,0.79
2018/06/20,10904,10951,10850,10936,0.93
2018/06/21,10725,10745,10688,10707,0.52
2018/06/22,10630,10685,10581,10655,0.97
2018/06/25,10624,10660,10583,10584,0.72
2018/06/26,10550,10596,10484,10592,1.06
2018/06/27,10585,10625,10538,10556,0.82
2018/06/28,10513,10578,10484,10523,0.89
2018/06/29,10541,10692,10526,10677,1.58
2018/07/02,10680,10719,10609,10610,1.03
2018/07/03,10651,10717,10544,10621,1.63
2018/07/04,10598,10639,10584,10617,0.52
2018/07/05,10625,10633,10488,10501,1.37
2018/07/06,10535,10556,10414,10538,1.35
2018/07/09,10583,10676,10582,10662,0.89
2018/07/10,10733,10744,10680,10708,0.6
2018/07/11,10608,10656,10574,10614,0.77
2018/07/12,10640,10750,10609,10738,1.33
2018/07/13,10808,10850,10768,10848,0.76
2018/07/16,10854,10874,10807,10813,0.62
2018/07/17,10809,10819,10756,10769,0.58
2018/07/18,10829,10872,10791,10844,0.75
2018/07/19,10756,10792,10708,10720,0.77
2018/07/20,10774,10847,10765,10824,0.76
2018/07/23,10846,10864,10794,10829,0.65
2018/07/24,10841,10880,10802,10871,0.72
2018/07/25,10860,10892,10851,10864,0.38
2018/07/26,10909,10926,10873,10914,0.49
2018/07/27,10928,10995,10918,10991,0.71
2018/07/30,10970,11007,10937,10939,0.64
2018/07/31,10931,10997,10913,10990,0.77
2018/08/01,11034,11057,11010,11044,0.43
2018/08/02,11048,11048,10862,10872,1.68
2018/08/03,10934,10977,10928,10967,0.45
2018/08/06,10990,11036,10956,10980,0.73
2018/08/07,10986,11003,10951,10968,0.47
2018/08/08,11000,11070,10997,11047,0.67
2018/08/09,11031,11038,10969,11017,0.62
2018/08/10,10970,11022,10953,10961,0.63
2018/08/13,10909,10912,10692,10756,2.01
2018/08/14,10791,10831,10756,10818,0.7
2018/08/15,10835,10841,10696,10737,1.34
2018/08/16,10610,10724,10591,10687,1.24
2018/08/17,10723,10732,10647,10661,0.8
2018/08/20,10687,10715,10652,10670,0.59
2018/08/21,10698,10774,10682,10766,0.86
2018/08/22,10752,10795,10733,10763,0.58
2018/08/23,10795,10845,10758,10840,0.81
2018/08/24,10811,10830,10728,10787,0.94
2018/08/27,10831,10892,10820,10885,0.67
2018/08/28,10945,10980,10935,10954,0.41
2018/08/29,10977,11049,10968,11041,0.74
2018/08/30,11088,11135,11019,11022,1.05
2018/08/31,10975,11024,10953,11022,0.64
2018/09/03,11013,11045,10919,10934,1.14
2018/09/04,10963,11004,10935,11002,0.63
2018/09/05,10973,11021,10948,10949,0.66
2018/09/06,10920,10950,10865,10900,0.78
2018/09/07,10864,10892,10803,10845,0.82
2018/09/10,10865,10880,10708,10734,1.59
2018/09/11,10758,10767,10682,10741,0.79
2018/09/12,10762,10772,10687,10724,0.79
2018/09/13,10740,10779,10709,10718,0.65
2018/09/14,10784,10887,10771,10879,1.08
2018/09/17,10857,10868,10810,10824,0.53
2018/09/18,10787,10818,10761,10781,0.53
2018/09/19,10836,10875,10819,10872,0.52
2018/09/20,10910,10922,10824,10847,0.9
2018/09/21,10905,10976,10854,10972,1.12
2018/09/25,10960,10996,10935,10978,0.56
2018/09/26,10963,10991,10949,10972,0.38
2018/09/27,10955,11011,10936,10980,0.68
2018/09/28,11011,11039,10921,10955,1.07
2018/10/01,10968,11018,10966,11006,0.47
2018/10/02,11006,11011,10873,10879,1.25
2018/10/03,10880,10914,10845,10854,0.63
2018/10/04,10823,10830,10688,10697,1.31
2018/10/05,10658,10673,10431,10510,2.26
2018/10/08,10470,10530,10416,10464,1.08
2018/10/09,10491,10508,10447,10461,0.58
2018/10/11,10026,10080,9630,9654,4.3
2018/10/12,9736,10021,9683,9958,3.5
2018/10/15,9899,9927,9854,9862,0.73
2018/10/16,9885,9992,9868,9949,1.26
2018/10/17,10082,10114,9987,9994,1.28
2018/10/18,9923,9986,9878,9883,1.08
2018/10/19,9753,9914,9747,9901,1.69
2018/10/22,9813,9972,9761,9935,2.13
2018/10/23,9825,9849,9723,9729,1.27
2018/10/24,9753,9791,9623,9715,1.73
2018/10/25,9423,9557,9414,9486,1.47
2018/10/26,9547,9573,9339,9424,2.47
2018/10/29,9527,9539,9428,9472,1.18
2018/10/30,9465,9564,9463,9523,1.07
2018/10/31,9595,9748,9590,9725,1.66
2018/11/01,9750,9827,9705,9788,1.25
2018/11/02,9868,9884,9791,9872,0.95
2018/11/05,9803,9824,9741,9817,0.84
2018/11/06,9849,9867,9746,9774,1.23
2018/11/07,9785,9890,9780,9847,1.13
2018/11/08,9980,10000,9906,9922,0.95
2018/11/09,9897,9899,9754,9791,1.46
2018/11/12,9750,9864,9741,9812,1.26
2018/11/13,9600,9758,9528,9726,2.34
2018/11/14,9768,9798,9731,9768,0.69
2018/11/15,9790,9837,9708,9827,1.32
2018/11/16,9877,9903,9756,9785,1.5
2018/11/19,9802,9838,9778,9818,0.61
2018/11/20,9755,9808,9703,9732,1.07
2018/11/21,9661,9760,9624,9743,1.4
2018/11/22,9766,9769,9700,9714,0.71
2018/11/23,9715,9733,9613,9625,1.24
2018/11/26,9668,9850,9656,9769,2.02
2018/11/27,9727,9755,9644,9739,1.14
2018/11/28,9780,9880,9732,9868,1.52
2018/11/29,9984,9989,9861,9877,1.3
2018/11/30,9900,9935,9847,9854,0.89
2018/12/03,10012,10156,9996,10119,1.62
2018/12/04,10080,10094,10033,10040,0.6
2018/12/05,9900,9946,9863,9878,0.83
2018/12/06,9813,9814,9626,9672,1.9
2018/12/07,9735,9763,9689,9746,0.77
2018/12/10,9565,9680,9560,9626,1.23
2018/12/11,9654,9698,9625,9687,0.76
2018/12/12,9759,9827,9725,9814,1.05
2018/12/13,9831,9872,9790,9852,0.84
2018/12/14,9805,9809,9676,9729,1.35
2018/12/17,9753,9826,9722,9790,1.07
2018/12/18,9718,9755,9688,9717,0.68
2018/12/19,9758,9778,9728,9768,0.51
2018/12/20,9638,9709,9610,9639,1.01
2018/12/21,9624,9668,9556,9657,1.16
2018/12/22,9580,9615,9575,9586,0.41
2018/12/24,9603,9627,9587,9618,0.42
2018/12/25,9480,9487,9410,9477,0.8
2018/12/26,9523,9555,9438,9453,1.23
2018/12/27,9589,9655,9566,9633,0.94
2018/12/28,9630,9680,9622,9669,0.6
2019/01/02,9760,9762,9506,9529,2.65
2019/01/03,9488,9547,9433,9443,1.2
2019/01/04,9367,9410,9305,9370,1.11
2019/01/07,9541,9588,9490,9563,1.05
2019/01/08,9600,9611,9532,9558,0.83
2019/01/09,9608,9755,9602,9709,1.6
2019/01/10,9710,9713,9673,9694,0.41
2019/01/11,9760,9803,9724,9750,0.81
2019/01/14,9738,9756,9660,9689,0.98
2019/01/15,9743,9817,9715,9794,1.05
2019/01/16,9781,9804,9755,9784,0.5
2019/01/17,9777,9834,9721,9779,1.15
2019/01/18,9825,9846,9770,9821,0.78
2019/01/21,9885,9919,9856,9864,0.64
2019/01/22,9841,9868,9822,9845,0.47
2019/01/23,9830,9860,9807,9819,0.54
2019/01/24,9833,9884,9820,9860,0.65
2019/01/25,9928,9989,9911,9968,0.79
2019/01/28,10000,10018,9975,9986,0.43
2019/01/29,9932,9936,9880,9922,0.56
2019/01/30,9925,9956,9896,9924,0.6
2019/02/11,10010,10067,9966,9998,1.02
2019/02/12,10049,10093,10029,10084,0.64
2019/02/13,10125,10128,10055,10085,0.72
2019/02/14,10044,10124,10034,10079,0.89
2019/02/15,10040,10116,10022,10042,0.93
2019/02/18,10111,10161,10098,10138,0.63
2019/02/19,10123,10158,10104,10143,0.53
2019/02/20,10183,10262,10177,10256,0.84
2019/02/21,10255,10327,10232,10323,0.93
2019/02/22,10272,10312,10245,10308,0.65
2019/02/25,10350,10378,10324,10366,0.52
2019/02/26,10381,10394,10336,10352,0.56
2019/02/27,10375,10384,10325,10361,0.57
2019/03/04,10390,10400,10276,10312,1.2
2019/03/05,10260,10306,10248,10275,0.56
2019/03/06,10283,10333,10282,10322,0.5
2019/03/07,10315,10335,10260,10261,0.73
2019/03/08,10230,10244,10162,10201,0.8
2019/03/11,10170,10234,10168,10227,0.65
2019/03/12,10301,10385,10300,10348,0.83
2019/03/13,10325,10365,10305,10363,0.58
2019/03/14,10390,10392,10322,10337,0.68
2019/03/15,10355,10430,10347,10413,0.8
2019/03/18,10437,10487,10420,10478,0.64
2019/03/19,10483,10511,10461,10501,0.48
2019/03/20,10493,10549,10492,10545,0.54
2019/03/21,10538,10593,10532,10588,0.58
2019/03/22,10645,10659,10560,10613,0.94
2019/03/25,10478,10486,10423,10437,0.59
2019/03/26,10482,10538,10480,10523,0.56
2019/03/27,10506,10533,10473,10520,0.57
2019/03/28,10450,10515,10444,10493,0.67
2019/03/29,10551,10600,10476,10598,1.18
2019/04/01,10679,10715,10615,10640,0.94
2019/04/02,10688,10704,10668,10678,0.34
2019/04/03,10688,10728,10671,10695,0.53
2019/04/08,10779,10795,10745,10770,0.47
2019/04/09,10801,10848,10782,10843,0.61
2019/04/10,10820,10869,10812,10861,0.53
2019/04/11,10868,10885,10775,10806,1.01
2019/04/12,10818,10831,10782,10802,0.45
2019/04/15,10865,10895,10843,10876,0.48
2019/04/16,10870,10932,10863,10930,0.63
2019/04/17,10954,11010,10948,11005,0.57
2019/04/18,11022,11039,10920,10938,1.08
2019/04/19,11020,11036,10954,10973,0.75
2019/04/22,11008,11030,10958,10978,0.66
2019/04/23,10988,11024,10934,11023,0.82
2019/04/24,11050,11057,10970,11009,0.79
2019/04/25,10990,11041,10977,11030,0.58
2019/04/26,10962,10972,10900,10934,0.65
2019/04/29,10959,10978,10902,10933,0.7
2019/04/30,10912,10961,10883,10952,0.71
2019/05/02,10947,11033,10933,10978,0.91
2019/05/03,10992,11094,10975,11092,1.08
2019/05/06,10980,10980,10821,10860,1.43
2019/05/07,10900,10996,10900,10971,0.88
2019/05/08,10849,10943,10841,10893,0.93
2019/05/09,10854,10866,10716,10747,1.38
2019/05/10,10750,10850,10646,10744,1.9
2019/05/13,10686,10708,10565,10574,1.33
2019/05/14,10425,10571,10399,10531,1.63
2019/05/15,10539,10609,10513,10580,0.91
2019/05/16,10537,10574,10483,10489,0.86
2019/05/17,10562,10566,10406,10413,1.53
2019/05/20,10442,10485,10405,10432,0.77
2019/05/21,10398,10502,10378,10487,1.19
2019/05/22,10471,10515,10453,10479,0.59
2019/05/23,10422,10424,10285,10311,1.33
2019/05/24,10316,10386,10315,10341,0.69
2019/05/27,10350,10390,10284,10332,1.03
2019/05/28,10369,10374,10309,10340,0.63
2019/05/29,10220,10295,10218,10291,0.74
2019/05/30,10311,10382,10279,10365,1.0
2019/05/31,10332,10493,10330,10455,1.57
2019/06/03,10431,10477,10366,10471,1.06
2019/06/04,10461,10483,10401,10416,0.78
2019/06/05,10495,10510,10439,10456,0.68
2019/06/06,10433,10437,10351,10365,0.82
2019/06/10,10477,10546,10442,10540,1.0
2019/06/11,10555,10618,10533,10590,0.81
2019/06/12,10587,10611,10564,10591,0.44
2019/06/13,10561,10589,10497,10528,0.87
2019/06/14,10534,10558,10516,10528,0.4
2019/06/17,10477,10565,10460,10545,1.0
2019/06/18,10539,10576,10526,10554,0.47
2019/06/19,10680,10800,10667,10770,1.26
2019/06/20,10575,10605,10558,10592,0.44
2019/06/21,10628,10641,10564,10586,0.73
2019/06/24,10605,10647,10553,10622,0.89
2019/06/25,10620,10630,10523,10539,1.01
2019/06/26,10525,10541,10499,10505,0.4
2019/06/27,10535,10642,10532,10621,1.05
2019/06/28,10621,10627,10550,10577,0.72
2019/07/01,10707,10780,10693,10766,0.82
2019/07/02,10738,10766,10729,10749,0.34
2019/07/03,10733,10741,10202,10641,5.01
2019/07/04,10691,10729,10677,10707,0.49
2019/07/05,10713,10749,10682,10718,0.63
2019/07/08,10655,10711,10630,10665,0.76
2019/07/09,10688,10699,10631,10650,0.64
2019/07/10,10699,10741,10689,10732,0.49
2019/07/11,10801,10833,10772,10813,0.57
2019/07/12,10789,10830,10788,10811,0.39
2019/07/15,10808,10860,10730,10849,1.2
2019/07/16,10863,10892,10851,10878,0.38
2019/07/17,10837,10855,10805,10831,0.46
2019/07/18,10625,10676,10623,10651,0.49
2019/07/19,10757,10792,10727,10740,0.61
2019/07/22,10735,10798,10729,10795,0.64
2019/07/23,10822,10836,10785,10803,0.47
2019/07/24,10817,10835,10792,10804,0.4
2019/07/25,10825,10831,10769,10822,0.57
2019/07/26,10781,10795,10765,10788,0.28
2019/07/29,10779,10802,10744,10782,0.54
2019/07/30,10819,10836,10751,10752,0.79
2019/07/31,10721,10743,10674,10736,0.64
2019/08/01,10635,10697,10623,10644,0.69
2019/08/02,10518,10535,10441,10469,0.88
2019/08/05,10421,10460,10358,10376,0.97
2019/08/06,10096,10387,10095,10329,2.81
2019/08/07,10330,10375,10301,10346,0.72
2019/08/08,10372,10454,10340,10436,1.1
2019/08/12,10439,10477,10380,10439,0.93
2019/08/13,10385,10400,10319,10343,0.78
2019/08/14,10457,10492,10416,10429,0.73
2019/08/15,10255,10335,10242,10300,0.89
2019/08/16,10315,10421,10288,10412,1.29
2019/08/19,10436,10489,10419,10481,0.67
2019/08/20,10487,10530,10478,10526,0.5
2019/08/21,10514,10544,10505,10528,0.37
2019/08/22,10538,10564,10464,10476,0.95
2019/08/23,10485,10513,10460,10497,0.51
2019/08/26,10335,10367,10294,10307,0.7
2019/08/27,10372,10390,10343,10363,0.46
2019/08/28,10390,10438,10388,10412,0.48
2019/08/29,10420,10442,10376,10430,0.63
2019/08/30,10520,10584,10517,10577,0.64
2019/09/02,10564,10615,10556,10603,0.56
2019/09/03,10599,10632,10537,10543,0.9
2019/09/04,10563,10657,10558,10644,0.94
2019/09/05,10719,10762,10703,10734,0.55
2019/09/06,10776,10783,10741,10767,0.39
2019/09/09,10802,10827,10773,10793,0.5
2019/09/10,10801,10814,10731,10742,0.77
2019/09/11,10795,10808,10751,10774,0.53
2019/09/12,10842,10870,10801,10824,0.64
2019/09/16,10802,10885,10802,10878,0.77
2019/09/17,10907,10910,10858,10865,0.48
2019/09/18,10912,10963,10884,10960,0.73
2019/09/19,10915,10936,10851,10867,0.78
2019/09/20,10901,10912,10884,10899,0.26
2019/09/23,10894,10929,10872,10892,0.52
2019/09/24,10911,10932,10865,10905,0.62
2019/09/25,10865,10873,10805,10841,0.62
2019/09/26,10876,10895,10828,10843,0.62
2019/09/27,10876,10897,10811,10823,0.79
2019/10/01,10856,10962,10856,10953,0.98
2019/10/02,10916,10948,10912,10923,0.33
2019/10/03,10827,10877,10773,10849,0.95
2019/10/04,10881,10912,10820,10877,0.85
2019/10/07,10907,10937,10886,10914,0.47
2019/10/08,10958,11021,10950,11000,0.65
2019/10/09,10963,10969,10880,10883,0.81
2019/10/14,11070,11092,11030,11073,0.57
2019/10/15,11083,11122,11073,11107,0.44
2019/10/16,11158,11171,11130,11146,0.37
2019/10/17,11148,11161,11117,11158,0.39
2019/10/18,11195,11223,11132,11149,0.82
2019/10/21,11157,11168,11133,11157,0.31
2019/10/22,11213,11252,11191,11240,0.55
2019/10/23,11225,11254,11182,11200,0.64
2019/10/24,11232,11292,11225,11288,0.6
2019/10/25,11321,11328,11264,11283,0.57
2019/10/28,11334,11342,11291,11311,0.45
2019/10/29,11348,11366,11293,11325,0.65
2019/10/30,11312,11351,11295,11338,0.49
2019/10/31,11371,11396,11341,11344,0.49
2019/11/01,11333,11377,11316,11371,0.54
2019/11/04,11416,11554,11413,11542,1.24
2019/11/05,11594,11650,11566,11645,0.73
2019/11/06,11644,11675,11600,11650,0.64
2019/11/07,11636,11637,11558,11596,0.68
2019/11/08,11646,11648,11554,11572,0.81
2019/11/11,11577,11581,11424,11437,1.36
2019/11/12,11483,11528,11466,11524,0.54
2019/11/13,11463,11494,11428,11466,0.57
2019/11/14,11493,11496,11413,11456,0.72
2019/11/15,11485,11563,11480,11532,0.72
2019/11/18,11533,11594,11507,11592,0.75
2019/11/19,11574,11654,11563,11645,0.79
2019/11/20,11621,11644,11594,11608,0.43
2019/11/21,11529,11551,11450,11545,0.87
2019/11/22,11565,11592,11531,11554,0.53
2019/11/25,11615,11629,11559,11566,0.61
2019/11/26,11620,11658,11603,11618,0.48
2019/11/27,11613,11651,11596,11647,0.47
2019/11/28,11658,11663,11605,11613,0.5
2019/11/29,11604,11613,11462,11464,1.3
2019/12/02,11527,11533,11459,11502,0.65
2019/12/03,11444,11527,11439,11523,0.77
2019/12/04,11492,11505,11443,11502,0.54
2019/12/05,11540,11618,11532,11598,0.75
2019/12/06,11645,11670,11580,11611,0.78
2019/12/09,11670,11699,11633,11671,0.57
2019/12/10,11647,11656,11605,11624,0.44
2019/12/11,11600,11706,11594,11704,0.96
2019/12/12,11765,11888,11754,11851,1.14
2019/12/13,11977,12007,11917,11963,0.76
2019/12/16,11932,11976,11922,11959,0.45
2019/12/17,11974,12102,11945,12099,1.31
2019/12/18,12077,12129,12065,12119,0.53
2019/12/19,12110,12115,12015,12031,0.83
2019/12/20,12063,12063,11951,11979,0.93
2019/12/23,12000,12028,11972,12020,0.47
2019/12/24,12030,12044,11982,11983,0.52
2019/12/25,11989,12027,11976,12019,0.43
2019/12/26,12029,12042,11986,12007,0.47
2019/12/27,12038,12112,12037,12097,0.62
2019/12/30,12091,12125,12065,12069,0.5
2019/12/31,12029,12049,11992,11994,0.47
2020/01/02,12044,12120,12023,12101,0.81
2020/01/03,12180,12198,11996,12087,1.67
2020/01/06,12017,12034,11948,11949,0.71
2020/01/07,11995,12009,11816,11871,1.62
2020/01/08,11728,11892,11697,11788,1.64
2020/01/09,11919,11998,11883,11969,0.98
2020/01/10,12005,12042,11953,12011,0.74
2020/01/13,12085,12121,12044,12116,0.64
2020/01/14,12176,12199,12148,12181,0.42
2020/01/15,12159,12175,12058,12063,0.96
2020/01/16,12040,12078,11990,12052,0.73
2020/01/17,12103,12118,12029,12071,0.74
2020/01/20,12119,12160,12097,12111,0.52
2020/01/30,11770,11798,11366,11372,3.57
2020/01/31,11460,11567,11407,11469,1.41
2020/02/03,11285,11370,11152,11324,1.9
2020/02/04,11373,11557,11362,11534,1.72
2020/02/05,11603,11620,11474,11542,1.27
2020/02/06,11651,11744,11628,11739,1.01
2020/02/07,11660,11666,11566,11589,0.85
2020/02/10,11455,11598,11402,11565,1.69
2020/02/11,11625,11689,11613,11664,0.66
2020/02/12,11663,11797,11647,11770,1.29
2020/02/13,11798,11837,11762,11775,0.64
2020/02/14,11757,11852,11755,11810,0.82
2020/02/17,11710,11792,11702,11769,0.76
2020/02/18,11715,11719,11627,11640,0.78
2020/02/19,11678,11805,11637,11760,1.44
2020/02/20,11820,11830,11679,11713,1.28
2020/02/21,11665,11765,11636,11663,1.1
2020/02/24,11509,11587,11476,11511,0.95
2020/02/25,11400,11561,11386,11541,1.52
2020/02/26,11383,11482,11365,11421,1.01
2020/02/27,11395,11447,11237,11276,1.84
2020/03/02,11011,11278,11005,11176,2.42
2020/03/03,11313,11375,11278,11321,0.87
2020/03/04,11348,11369,11267,11358,0.9
2020/03/05,11450,11501,11428,11491,0.64
2020/03/06,11400,11420,11260,11269,1.39
2020/03/09,10975,11108,10916,10951,1.7
2020/03/10,10830,10996,10779,10981,1.98
2020/03/11,10979,11029,10807,10824,2.02
2020/03/12,10750,10765,10161,10362,5.58
2020/03/13,9749,10147,9450,10027,6.73
2020/03/16,9919,10055,9636,9679,4.18
2020/03/17,9379,9677,9271,9371,4.19
2020/03/18,9366,9489,9205,9264,3.03
2020/03/19,8820,8872,8268,8356,6.52
2020/03/20,8562,9166,8544,9041,7.44
2020/03/23,8609,8868,8555,8665,3.46
2020/03/24,8998,9295,8986,9193,3.57
2020/03/25,9410,9624,9370,9585,2.76
2020/03/26,9679,9690,9426,9631,2.75
2020/03/27,9899,9910,9548,9579,3.76
2020/03/30,9376,9576,9266,9566,3.24
2020/03/31,9666,9717,9495,9595,2.32
2020/04/01,9588,9650,9551,9555,1.03
2020/04/06,9741,9860,9582,9823,2.91
2020/04/07,9955,10020,9878,9998,1.45
2020/04/08,9950,10135,9945,10122,1.9
2020/04/09,10131,10197,10028,10100,1.67
2020/04/10,10038,10140,10030,10133,1.09
2020/04/13,10084,10149,10031,10079,1.16
2020/04/14,10160,10355,10125,10343,2.28
2020/04/15,10347,10463,10330,10451,1.29
2020/04/16,10177,10343,10161,10301,1.74
2020/04/17,10575,10669,10456,10563,2.07
2020/04/20,10515,10560,10458,10475,0.97
2020/04/21,10406,10467,10144,10196,3.08
2020/04/22,10145,10226,10065,10222,1.58
2020/04/23,10268,10402,10154,10292,2.43
2020/04/24,10231,10292,10211,10268,0.79
2020/04/27,10373,10567,10368,10545,1.94
2020/04/28,10600,10605,10480,10583,1.19
2020/04/29,10655,10770,10631,10709,1.31
2020/04/30,10813,10971,10803,10947,1.57
2020/05/04,10540,10699,10477,10610,2.03
2020/05/05,10717,10795,10658,10719,1.29
2020/05/06,10658,10780,10618,10749,1.51
2020/05/07,10736,10877,10710,10833,1.55
2020/05/08,10893,10956,10853,10894,0.95
2020/05/11,10979,11038,10935,10982,0.95
2020/05/12,10902,10932,10802,10865,1.18
2020/05/13,10783,10925,10776,10914,1.37
2020/05/14,10828,10877,10738,10749,1.27
2020/05/15,10830,10869,10701,10817,1.56
2020/05/18,10768,10824,10724,10761,0.92
2020/05/19,10932,10964,10836,10868,1.19
2020/05/20,10903,10960,10853,10887,0.98
2020/05/21,10903,11008,10894,10953,1.05
2020/05/22,10928,10935,10723,10744,1.94
2020/05/25,10800,10840,10651,10821,1.76
2020/05/26,10896,11027,10891,10984,1.26
2020/05/27,10962,11037,10926,10973,1.01
2020/05/28,11066,11077,10856,10911,2.01
2020/05/29,10888,10950,10806,10919,1.32
2020/06/01,10983,11103,10971,11057,1.21
2020/06/02,11080,11140,11072,11107,0.61
2020/06/03,11250,11299,11206,11283,0.84
2020/06/04,11419,11425,11306,11358,1.05
2020/06/05,11399,11473,11377,11457,0.85
2020/06/08,11550,11626,11491,11570,1.18
2020/06/09,11596,11622,11521,11606,0.87
2020/06/10,11634,11730,11596,11704,1.15
2020/06/11,11689,11738,11475,11491,2.25
2020/06/12,11331,11432,11250,11391,1.58
2020/06/15,11356,11446,11216,11225,2.02
2020/06/16,11448,11554,11421,11522,1.18
2020/06/17,11480,11568,11467,11520,0.88
2020/06/18,11372,11425,11295,11395,1.13
2020/06/19,11424,11439,11361,11409,0.68
2020/06/22,11374,11498,11362,11421,1.19
2020/06/23,11493,11540,11346,11456,1.7
2020/06/24,11541,11570,11503,11523,0.58
2020/06/29,11394,11458,11315,11363,1.24
2020/06/30,11460,11502,11412,11470,0.79
2020/07/01,11482,11623,11472,11544,1.32
2020/07/02,11585,11712,11566,11695,1.26
2020/07/03,11788,11850,11752,11834,0.84
2020/07/06,11921,12072,11905,12067,1.41
2020/07/07,12149,12192,11990,12028,1.67
2020/07/08,12041,12145,12025,12126,1.0
2020/07/09,12202,12222,12118,12149,0.86
2020/07/10,12204,12213,11987,11995,1.86
2020/07/13,12139,12210,12105,12204,0.88
2020/07/14,12147,12224,12119,12188,0.86
2020/07/15,12305,12323,12150,12220,1.42
2020/07/16,12066,12094,11931,12029,1.33
2020/07/17,12088,12138,12011,12039,1.06
2020/07/20,12073,12075,11903,12033,1.43
2020/07/21,12125,12324,12121,12288,1.69
2020/07/22,12301,12361,12256,12332,0.85
2020/07/23,12309,12313,12199,12287,0.92
2020/07/24,12232,12352,12123,12150,1.86
2020/07/27,12410,12572,12407,12498,1.36
2020/07/28,12834,12900,12408,12454,3.94
2020/07/29,12446,12543,12392,12421,1.21
2020/07/30,12617,12627,12488,12595,1.12
2020/07/31,12606,12644,12525,12576,0.94
2020/08/03,12531,12567,12405,12440,1.29
2020/08/04,12516,12632,12489,12629,1.15
2020/08/05,12700,12746,12643,12741,0.82
2020/08/06,12856,12925,12753,12836,1.35
2020/08/07,12860,12866,12706,12759,1.25
2020/08/10,12779,12905,12720,12854,1.45
2020/08/11,12825,12874,12727,12735,1.14
2020/08/12,12700,12701,12565,12655,1.07
2020/08/13,12816,12836,12702,12725,1.06
2020/08/14,12696,12790,12646,12789,1.13
2020/08/17,12776,12959,12771,12953,1.47
2020/08/18,12983,12998,12836,12877,1.25
2020/08/19,12905,12955,12780,12807,1.36
2020/08/20,12695,12709,12067,12298,5.01
2020/08/21,12466,12598,12423,12551,1.42
2020/08/24,12568,12653,12503,12603,1.2
2020/08/25,12657,12795,12643,12735,1.21
2020/08/26,12730,12799,12681,12795,0.93
2020/08/27,12838,12925,12735,12758,1.48
2020/08/28,12740,12782,12634,12688,1.16
2020/08/31,12800,12826,12563,12589,2.07
2020/09/01,12566,12698,12531,12688,1.33
2020/09/02,12765,12776,12595,12690,1.43
2020/09/03,12792,12858,12705,12734,1.21
2020/09/04,12558,12651,12510,12607,1.11
2020/09/07,12608,12733,12560,12580,1.37
2020/09/08,12657,12695,12610,12667,0.68
2020/09/09,12545,12606,12434,12598,1.36
2020/09/10,12669,12706,12622,12698,0.67
2020/09/11,12658,12689,12606,12663,0.65
2020/09/14,12694,12797,12678,12784,0.94
2020/09/15,12768,12855,12756,12843,0.77
2020/09/16,12945,13018,12900,12969,0.92
2020/09/17,12855,12908,12772,12815,1.05
2020/09/18,12839,12866,12773,12833,0.73
2020/09/21,12820,12877,12655,12659,1.73
2020/09/22,12627,12655,12481,12509,1.37
2020/09/23,12553,12563,12441,12528,0.98
2020/09/24,12407,12414,12166,12180,1.98
2020/09/25,12265,12309,12114,12195,1.6
2020/09/28,12292,12421,12246,12415,1.44
2020/09/29,12478,12522,12395,12421,1.02
2020/09/30,12456,12548,12444,12473,0.84
2020/10/05,12577,12620,12486,12529,1.07
2020/10/06,12618,12704,12614,12677,0.72
2020/10/07,12620,12758,12606,12754,1.2
2020/10/08,12831,12876,12772,12873,0.82
2020/10/12,12935,12995,12878,12921,0.91
2020/10/13,12950,12952,12816,12915,1.05
2020/10/14,12940,12956,12871,12890,0.66
2020/10/15,12838,12892,12727,12840,1.28
2020/10/16,12818,12865,12718,12748,1.14
2020/10/19,12783,12912,12782,12893,1.02
2020/10/20,12892,12905,12844,12855,0.47
2020/10/21,12906,12946,12851,12860,0.74
2020/10/22,12729,12839,12707,12836,1.03
2020/10/23,12865,12883,12795,12838,0.69
2020/10/26,12848,12935,12820,12860,0.9
2020/10/27,12826,12833,12765,12808,0.53
2020/10/28,12780,12809,12713,12743,0.75
2020/10/29,12598,12640,12504,12603,1.07
2020/10/30,12545,12563,12407,12413,1.24
2020/11/02,12474,12531,12402,12516,1.04
2020/11/03,12611,12715,12602,12684,0.9
2020/11/04,12770,12879,12662,12864,1.71
2020/11/05,12924,12928,12821,12891,0.83
2020/11/06,12942,12991,12896,12937,0.74
2020/11/09,13090,13175,13046,13126,1.0
2020/11/10,13130,13154,13010,13071,1.1
2020/11/11,13101,13281,13077,13261,1.56
2020/11/12,13266,13305,13193,13226,0.84
2020/11/13,13227,13285,13163,13282,0.92
2020/11/16,13407,13582,13406,13579,1.33
2020/11/17,13656,13737,13603,13624,0.99
2020/11/18,13632,13788,13621,13756,1.23
2020/11/19,13732,13750,13662,13742,0.64
2020/11/20,13724,13737,13640,13733,0.71
2020/11/23,13790,13943,13788,13873,1.13
2020/11/24,13921,13928,13777,13799,1.09
2020/11/25,13886,13909,13692,13712,1.57
2020/11/26,13788,13862,13741,13839,0.88
2020/11/27,13781,13890,13763,13878,0.92
2020/11/30,13883,13975,13704,13720,1.95
2020/12/01,13818,13885,13751,13875,0.98
2020/12/02,13932,13980,13855,13955,0.9
2020/12/03,13971,14047,13903,13982,1.03
2020/12/04,14022,14149,14012,14133,0.98
2020/12/07,14181,14247,14087,14220,1.13
2020/12/08,14206,14350,14156,14340,1.36
2020/12/09,14372,14425,14331,14397,0.66
2020/12/10,14261,14314,14178,14237,0.94
2020/12/11,14290,14340,14091,14237,1.75
2020/12/14,14264,14285,14197,14201,0.62
2020/12/15,14162,14232,14030,14084,1.42
2020/12/16,14198,14328,14186,14323,1.01
2020/12/17,14220,14225,14085,14186,0.98
2020/12/18,14190,14222,14128,14136,0.66
2020/12/21,14155,14313,14021,14309,2.07
2020/12/22,14253,14334,14042,14046,2.04
2020/12/23,14104,14181,14031,14114,1.07
2020/12/24,14185,14287,14179,14242,0.77
2020/12/25,14328,14383,14245,14304,0.97
2020/12/28,14329,14444,14320,14436,0.87
2020/12/29,14465,14466,14376,14458,0.62
2020/12/30,14451,14643,14440,14636,1.4
2020/12/31,14678,14712,14604,14678,0.74
2021/01/04,14640,14925,14635,14873,1.98
2021/01/05,14874,14980,14836,14976,0.97
2021/01/06,15048,15140,14764,14911,2.51
2021/01/07,15050,15260,15024,15226,1.58
2021/01/08,15376,15473,15264,15451,1.37
2021/01/11,15420,15538,15369,15531,1.09
2021/01/12,15517,15605,15407,15489,1.27
2021/01/13,15557,15790,15555,15759,1.52
2021/01/14,15705,15766,15632,15727,0.85
2021/01/15,15950,16002,15584,15632,2.66
2021/01/18,15637,15679,15327,15608,2.25
2021/01/19,15714,15946,15710,15888,1.51
2021/01/20,15899,15964,15735,15766,1.44
2021/01/21,15803,16183,15769,16125,2.63
2021/01/22,16051,16085,15928,15977,0.97
2021/01/25,15956,16004,15719,15911,1.78
2021/01/26,15865,15974,15537,15628,2.75
2021/01/27,15725,15814,15585,15657,1.47
2021/01/28,15411,15524,15305,15382,1.4
2021/01/29,15498,15539,15063,15070,3.09
2021/02/01,15156,15398,15090,15362,2.04
2021/02/02,15469,15820,15459,15752,2.35
2021/02/03,15864,15875,15716,15773,1.01
2021/02/04,15721,15777,15542,15696,1.49
2021/02/05,15809,15984,15751,15802,1.48
2021/02/17,16261,16433,16179,16326,1.61
2021/02/18,16374,16525,16287,16380,1.46
2021/02/19,16301,16328,16130,16309,1.21
2021/02/22,16480,16564,16336,16382,1.4
2021/02/23,16223,16451,16182,16434,1.64
2021/02/24,16300,16435,16133,16181,1.84
2021/02/25,16388,16422,16243,16387,1.11
2021/02/26,16037,16118,15852,15931,1.62
2021/03/02,16249,16277,15868,15904,2.57
2021/03/03,16000,16196,15885,16179,1.96
2021/03/04,16025,16066,15756,15922,1.92
2021/03/05,15601,15914,15570,15847,2.16
2021/03/08,15950,16095,15767,15819,2.07
2021/03/09,15810,15848,15608,15822,1.52
2021/03/10,15977,15986,15808,15885,1.13
2021/03/11,15951,16214,15942,16169,1.71
2021/03/12,16276,16288,16155,16223,0.82
2021/03/15,16206,16249,16142,16199,0.66
2021/03/16,16250,16348,16213,16305,0.83
2021/03/17,16304,16336,16161,16177,1.07
2021/03/18,16255,16401,16220,16235,1.12
2021/03/19,16100,16110,15953,16010,0.97
2021/03/22,16018,16174,15911,16137,1.64
2021/03/23,16223,16277,16103,16119,1.08
2021/03/24,16019,16062,15939,15981,0.76
2021/03/25,15890,16090,15870,16030,1.38
2021/03/26,16095,16293,16081,16285,1.32
2021/03/29,16370,16485,16350,16408,0.83
2021/03/30,16469,16531,16418,16520,0.69
2021/03/31,16540,16549,16403,16423,0.88
2021/04/01,16535,16587,16452,16549,0.82
2021/04/06,16760,16840,16697,16728,0.86
2021/04/07,16777,16788,16673,16767,0.69
2021/04/08,16715,16930,16687,16927,1.45
2021/04/09,16952,16971,16810,16839,0.95
2021/04/12,16895,16965,16760,16835,1.22
2021/04/13,16910,17046,16780,16793,1.58
2021/04/14,16860,16917,16592,16857,1.94
2021/04/15,16881,17074,16852,17069,1.32
2021/04/16,17062,17160,16990,17156,1.0
2021/04/19,17118,17296,17111,17269,1.08
2021/04/20,17238,17324,17206,17320,0.68
2021/04/21,17225,17270,17150,17232,0.69
2021/04/22,17258,17369,17053,17106,1.83
2021/04/23,17061,17260,17041,17255,1.28
2021/04/26,17337,17536,17323,17526,1.23
2021/04/27,17532,17576,17460,17570,0.66
2021/04/28,17548,17563,17475,17533,0.5
2021/04/29,17578,17702,17531,17569,0.98
2021/05/03,17501,17534,17226,17254,1.75
2021/05/04,17271,17309,16668,16931,3.72
2021/05/05,16847,17020,16756,16765,1.56
2021/05/06,16884,17081,16700,16945,2.27
2021/05/07,17120,17288,17060,17283,1.35
2021/05/10,17369,17373,17178,17229,1.13
2021/05/11,16968,16970,16425,16561,3.16
2021/05/12,16503,16531,15027,15697,9.08
2021/05/13,15538,15991,15348,15566,4.1
2021/05/14,15800,16021,15653,15766,2.36
2021/05/17,15183,15735,15096,15263,4.05
2021/05/18,15563,16180,15501,16147,4.45
2021/05/19,16122,16248,15979,16137,1.67
2021/05/20,16078,16113,15854,15974,1.61
2021/05/21,16222,16425,16072,16259,2.21
2021/05/24,16079,16368,16069,16291,1.84
2021/05/25,16463,16623,16425,16584,1.22
2021/05/26,16616,16664,16504,16614,0.96
2021/05/27,16593,16595,16219,16533,2.26
2021/05/28,16731,16878,16673,16863,1.24
2021/05/31,16891,17098,16884,17011,1.27
2021/06/01,17050,17148,17015,17131,0.78
2021/06/02,17171,17198,17016,17102,1.06
2021/06/03,17253,17313,17147,17226,0.97
2021/06/04,17051,17159,17025,17103,0.78
2021/06/07,17212,17229,16719,17090,2.98
2021/06/08,17190,17198,17030,17090,0.98
2021/06/09,16997,17073,16889,16959,1.08
2021/06/10,17035,17175,16992,17157,1.08
2021/06/11,17189,17298,17189,17217,0.64
2021/06/15,17322,17402,17276,17397,0.73
2021/06/16,17324,17398,17033,17346,2.1
2021/06/17,17070,17298,17039,17295,1.49
2021/06/18,17315,17332,17212,17254,0.69
2021/06/21,17048,17149,16891,16963,1.5
2021/06/22,17155,17180,16988,17026,1.13
2021/06/23,17100,17319,17059,17267,1.53
2021/06/24,17298,17398,17261,17338,0.79
2021/06/25,17438,17562,17377,17423,1.07
2021/06/28,17484,17560,17398,17533,0.93
2021/06/29,17595,17623,17451,17530,0.98
2021/06/30,17610,17766,17583,17712,1.04
2021/07/01,17678,17774,17555,17646,1.24
2021/07/02,17651,17724,17588,17649,0.77
